,,,,,,,,,,,,,
,,,,,,,,,,,,,
Software Version,2.00.18,,,,,,,,,,,,
,,,,,,,,,,,,,
,,,,,,,,,,,,,
,,,,,,,,,,,,,
Plate Number,Plate 1,,,,,,,,,,,,
Date,21/10/2022,,,,,,,,,,,,
Time,13:28:44,,,,,,,,,,,,
Reader Type:,Synergy,,,,,,,,,,,,
Reader Serial Number:,232563,,,,,,,,,,,,
Reading Type,Reader,,,,,,,,,,,,
,,,,,,,,,,,,,
Procedure Details,,,,,,,,,,,,,
,,,,,,,,,,,,,
Plate Type,96 WELL PLATE,,,,,,,,,,,,
Read,Absorbance Endpoint,,,,,,,,,,,,
,Full Plate,,,,,,,,,,,,
,Wavelengths:  600,,,,,,,,,,,,
,Read Speed: Normal,,,,,,,,,,,,
,,,,,,,,,,,,,
,,,,,,,,,,,,,
,,,,,,,,,,,,,
Actual Temperature:,22.4,,,,,,,,,,,,
,,,,,,,,,,,,,
Results,,,,,,,,,,,,,
,1,2,3,4,5,6,7,8,9,10,11,12,
A,0.084,0.08,0.083,0.085,0.08,0.083,0.081,0.08,0.08,0.078,0.077,0.081,600
B,0.084,0.084,0.08,0.257,0.147,0.609,0.15,0.48,0.15,0.075,0.071,0.079,600
C,0.082,0.081,0.081,0.264,0.153,0.592,0.141,0.48,0.15,0.075,0.074,0.084,600
D,0.083,0.082,0.08,0.265,0.151,0.584,0.152,0.481,0.157,0.079,0.079,0.081,600
E,0.083,0.083,0.083,0.266,0.155,0.544,0.151,0.48,0.156,0.083,0.083,0.084,600
F,0.087,0.081,0.081,0.272,0.152,0.559,0.158,0.496,0.155,0.085,0.082,0.087,600
G,0.083,0.082,0.084,0.278,0.152,0.539,0.155,0.506,0.157,0.086,0.083,0.083,600
H,0.082,0.081,0.084,0.083,0.082,0.082,0.084,0.083,0.081,0.084,0.082,0.084,600
,,,,,,,,,,,,,
,,,,,,,,,,,,,
,,,,,,,,,,,,,
Software Version,2.00.18,,,,,,,,,,,,
,,,,,,,,,,,,,
,,,,,,,,,,,,,
,,,,,,,,,,,,,
Plate Number,Plate 2,,,,,,,,,,,,
Date,21/10/2022,,,,,,,,,,,,
Time,13:30:48,,,,,,,,,,,,
Reader Type:,Synergy,,,,,,,,,,,,
Reader Serial Number:,232563,,,,,,,,,,,,
Reading Type,Reader,,,,,,,,,,,,
,,,,,,,,,,,,,
Procedure Details,,,,,,,,,,,,,
,,,,,,,,,,,,,
Plate Type,96 WELL PLATE,,,,,,,,,,,,
Read,Absorbance Endpoint,,,,,,,,,,,,
,Full Plate,,,,,,,,,,,,
,Wavelengths:  600,,,,,,,,,,,,
,Read Speed: Normal,,,,,,,,,,,,
,,,,,,,,,,,,,
,,,,,,,,,,,,,
,,,,,,,,,,,,,
Actual Temperature:,22.4,,,,,,,,,,,,
,,,,,,,,,,,,,
Results,,,,,,,,,,,,,
,1,2,3,4,5,6,7,8,9,10,11,12,
A,0.076,0.066,0.076,0.084,0.083,0.084,0.084,0.084,0.085,0.083,0.084,0.088,600
B,0.079,0.083,0.086,0.231,0.143,0.537,0.14,0.358,0.139,0.083,0.084,0.082,600
C,0.087,0.086,0.085,0.23,0.14,0.527,0.14,0.363,0.138,0.085,0.083,0.086,600
D,0.089,0.086,0.084,0.231,0.145,0.543,0.142,0.371,0.14,0.086,0.083,0.083,600
E,0.089,0.087,0.087,0.232,0.145,0.543,0.14,0.371,0.139,0.087,0.092,0.088,600
F,0.091,0.086,0.085,0.23,0.151,0.533,0.14,0.375,0.143,0.086,0.083,0.083,600
G,0.091,0.086,0.087,0.237,0.144,0.553,0.143,0.382,0.138,0.082,0.083,0.084,600
H,0.089,0.086,0.085,0.085,0.086,0.084,0.088,0.083,0.083,0.084,0.084,0.084,600
,,,,,,,,,,,,,
,,,,,,,,,,,,,
,,,,,,,,,,,,,
Software Version,2.00.18,,,,,,,,,,,,
,,,,,,,,,,,,,
,,,,,,,,,,,,,
,,,,,,,,,,,,,
Plate Number,Plate 3,,,,,,,,,,,,
Date,21/10/2022,,,,,,,,,,,,
Time,13:31:54,,,,,,,,,,,,
Reader Type:,Synergy,,,,,,,,,,,,
Reader Serial Number:,232563,,,,,,,,,,,,
Reading Type,Reader,,,,,,,,,,,,
,,,,,,,,,,,,,
Procedure Details,,,,,,,,,,,,,
,,,,,,,,,,,,,
Plate Type,96 WELL PLATE,,,,,,,,,,,,
Read,Absorbance Endpoint,,,,,,,,,,,,
,Full Plate,,,,,,,,,,,,
,Wavelengths:  600,,,,,,,,,,,,
,Read Speed: Normal,,,,,,,,,,,,
,,,,,,,,,,,,,
,,,,,,,,,,,,,
,,,,,,,,,,,,,
Actual Temperature:,22.3,,,,,,,,,,,,
,,,,,,,,,,,,,
Results,,,,,,,,,,,,,
,1,2,3,4,5,6,7,8,9,10,11,12,
A,0.086,0.082,0.085,0.086,0.083,0.085,0.082,0.083,0.085,0.084,0.088,0.084,600
B,0.088,0.086,0.084,0.19,0.148,0.481,0.149,0.369,0.148,0.084,0.084,0.085,600
C,0.085,0.087,0.086,0.198,0.148,0.483,0.147,0.389,0.152,0.081,0.083,0.091,600
D,0.084,0.086,0.085,0.198,0.154,0.492,0.154,0.399,0.158,0.082,0.084,0.084,600
E,0.092,0.097,0.093,0.203,0.155,0.511,0.164,0.404,0.152,0.082,0.086,0.088,600
F,0.09,0.085,0.086,0.199,0.15,0.474,0.151,0.39,0.152,0.085,0.082,0.084,600
G,0.087,0.087,0.084,0.204,0.15,0.483,0.148,0.39,0.149,0.083,0.085,0.087,600
H,0.091,0.086,0.085,0.084,0.086,0.084,0.084,0.084,0.085,0.084,0.085,0.087,600
,,,,,,,,,,,,,
,,,,,,,,,,,,,
,,,,,,,,,,,,,
Software Version,2.00.18,,,,,,,,,,,,
,,,,,,,,,,,,,
,,,,,,,,,,,,,
,,,,,,,,,,,,,
Plate Number,Plate 4,,,,,,,,,,,,
Date,21/10/2022,,,,,,,,,,,,
Time,13:34:03,,,,,,,,,,,,
Reader Type:,Synergy,,,,,,,,,,,,
Reader Serial Number:,232563,,,,,,,,,,,,
Reading Type,Reader,,,,,,,,,,,,
,,,,,,,,,,,,,
Procedure Details,,,,,,,,,,,,,
,,,,,,,,,,,,,
Plate Type,96 WELL PLATE,,,,,,,,,,,,
Read,Absorbance Endpoint,,,,,,,,,,,,
,Full Plate,,,,,,,,,,,,
,Wavelengths:  600,,,,,,,,,,,,
,Read Speed: Normal,,,,,,,,,,,,
,,,,,,,,,,,,,
,,,,,,,,,,,,,
,,,,,,,,,,,,,
Actual Temperature:,22.4,,,,,,,,,,,,
,,,,,,,,,,,,,
Results,,,,,,,,,,,,,
,1,2,3,4,5,6,7,8,9,10,11,12,
A,0.088,0.086,0.088,0.104,0.092,0.082,0.082,0.088,0.089,0.082,0.083,0.089,600
B,0.087,0.084,0.083,0.22,0.153,0.27,0.158,0.412,0.159,0.078,0.165,0.084,600
C,0.086,0.083,0.084,0.218,0.153,0.268,0.152,0.412,0.148,0.089,0.257,0.16,600
D,0.085,0.083,0.088,0.226,0.152,0.275,0.152,0.42,0.15,0.104,0.264,0.254,600
E,0.087,0.084,0.084,0.226,0.158,0.265,0.157,0.431,0.147,0.122,0.258,0.272,600
F,0.088,0.082,0.083,0.226,0.15,0.276,0.159,0.42,0.154,0.099,0.25,0.206,600
G,0.086,0.085,0.084,0.222,0.155,0.277,0.156,0.424,0.151,0.084,0.227,0.09,600
H,0.087,0.088,0.088,0.085,0.084,0.083,0.083,0.082,0.081,0.082,0.082,0.084,600
,,,,,,,,,,,,,
,,,,,,,,,,,,,
,,,,,,,,,,,,,
Software Version,2.00.18,,,,,,,,,,,,
,,,,,,,,,,,,,
,,,,,,,,,,,,,
,,,,,,,,,,,,,
Plate Number,Plate 5,,,,,,,,,,,,
Date,21/10/2022,,,,,,,,,,,,
Time,13:35:58,,,,,,,,,,,,
Reader Type:,Synergy,,,,,,,,,,,,
Reader Serial Number:,232563,,,,,,,,,,,,
Reading Type,Reader,,,,,,,,,,,,
,,,,,,,,,,,,,
Procedure Details,,,,,,,,,,,,,
,,,,,,,,,,,,,
Plate Type,96 WELL PLATE,,,,,,,,,,,,
Read,Absorbance Endpoint,,,,,,,,,,,,
,Full Plate,,,,,,,,,,,,
,Wavelengths:  600,,,,,,,,,,,,
,Read Speed: Normal,,,,,,,,,,,,
,,,,,,,,,,,,,
,,,,,,,,,,,,,
,,,,,,,,,,,,,
Actual Temperature:,22.4,,,,,,,,,,,,
,,,,,,,,,,,,,
Results,,,,,,,,,,,,,
,1,2,3,4,5,6,7,8,9,10,11,12,
A,0.087,0.084,0.087,0.086,0.086,0.086,0.085,0.087,0.085,0.083,0.085,0.081,600
B,0.087,0.085,0.084,0.217,0.165,0.257,0.155,0.302,0.151,0.08,0.076,0.084,600
C,0.086,0.086,0.085,0.215,0.165,0.252,0.15,0.325,0.158,0.079,0.08,0.09,600
D,0.084,0.083,0.085,0.224,0.167,0.259,0.156,0.319,0.154,0.084,0.083,0.084,600
E,0.088,0.088,0.089,0.225,0.17,0.247,0.158,0.324,0.164,0.084,0.086,0.09,600
F,0.092,0.088,0.087,0.225,0.159,0.247,0.159,0.3,0.165,0.085,0.084,0.087,600
G,0.086,0.09,0.094,0.23,0.164,0.264,0.156,0.308,0.166,0.084,0.088,0.084,600
H,0.083,0.083,0.083,0.087,0.082,0.088,0.088,0.089,0.085,0.086,0.082,0.08,600
,,,,,,,,,,,,,
,,,,,,,,,,,,,
,,,,,,,,,,,,,
Software Version,2.00.18,,,,,,,,,,,,
,,,,,,,,,,,,,
,,,,,,,,,,,,,
,,,,,,,,,,,,,
Plate Number,Plate 6,,,,,,,,,,,,
Date,21/10/2022,,,,,,,,,,,,
Time,13:37:26,,,,,,,,,,,,
Reader Type:,Synergy,,,,,,,,,,,,
Reader Serial Number:,232563,,,,,,,,,,,,
Reading Type,Reader,,,,,,,,,,,,
,,,,,,,,,,,,,
Procedure Details,,,,,,,,,,,,,
,,,,,,,,,,,,,
Plate Type,96 WELL PLATE,,,,,,,,,,,,
Read,Absorbance Endpoint,,,,,,,,,,,,
,Full Plate,,,,,,,,,,,,
,Wavelengths:  600,,,,,,,,,,,,
,Read Speed: Normal,,,,,,,,,,,,
,,,,,,,,,,,,,
,,,,,,,,,,,,,
,,,,,,,,,,,,,
Actual Temperature:,22.4,,,,,,,,,,,,
,,,,,,,,,,,,,
Results,,,,,,,,,,,,,
,1,2,3,4,5,6,7,8,9,10,11,12,
A,0.103,0.112,0.099,0.095,0.1,0.112,0.114,0.102,0.089,0.085,0.084,0.105,600
B,0.106,0.205,0.122,0.264,0.208,0.307,0.185,0.384,0.183,0.116,0.128,0.087,600
C,0.187,0.205,0.174,0.266,0.206,0.31,0.19,0.381,0.176,0.119,0.157,0.089,600
D,0.2,0.208,0.126,0.254,0.21,0.315,0.174,0.375,0.179,0.12,0.116,0.087,600
E,0.18,0.217,0.146,0.261,0.196,0.307,0.194,0.389,0.172,0.153,0.164,0.091,600
F,0.113,0.16,0.153,0.255,0.18,0.304,0.173,0.393,0.161,0.16,0.169,0.092,600
G,0.104,0.153,0.118,0.252,0.169,0.282,0.166,0.376,0.165,0.146,0.122,0.097,600
H,0.102,0.149,0.121,0.11,0.108,0.106,0.105,0.103,0.1,0.104,0.105,0.098,600
,,,,,,,,,,,,,
,,,,,,,,,,,,,
,,,,,,,,,,,,,
Software Version,2.00.18,,,,,,,,,,,,
,,,,,,,,,,,,,
,,,,,,,,,,,,,
,,,,,,,,,,,,,
Plate Number,Plate 7,,,,,,,,,,,,
Date,21/10/2022,,,,,,,,,,,,
Time,17:34:15,,,,,,,,,,,,
Reader Type:,Synergy,,,,,,,,,,,,
Reader Serial Number:,232563,,,,,,,,,,,,
Reading Type,Reader,,,,,,,,,,,,
,,,,,,,,,,,,,
Procedure Details,,,,,,,,,,,,,
,,,,,,,,,,,,,
Plate Type,96 WELL PLATE,,,,,,,,,,,,
Read,Absorbance Endpoint,,,,,,,,,,,,
,Full Plate,,,,,,,,,,,,
,Wavelengths:  600,,,,,,,,,,,,
,Read Speed: Normal,,,,,,,,,,,,
,,,,,,,,,,,,,
,,,,,,,,,,,,,
,,,,,,,,,,,,,
Actual Temperature:,22.9,,,,,,,,,,,,
,,,,,,,,,,,,,
Results,,,,,,,,,,,,,
,1,2,3,4,5,6,7,8,9,10,11,12,
A,0.131,0.094,0.108,0.11,0.102,0.097,0.095,0.091,0.09,0.1,0.112,0.136,600
B,0.111,0.108,0.103,0.254,0.158,0.557,0.16,0.42,0.162,0.086,0.097,0.116,600
C,0.094,0.099,0.118,0.257,0.171,0.532,0.152,0.425,0.161,0.109,0.117,0.107,600
D,0.089,0.093,0.109,0.26,0.167,0.535,0.166,0.432,0.168,0.115,0.119,0.105,600
E,0.091,0.086,0.116,0.256,0.166,0.524,0.159,0.427,0.161,0.106,0.104,0.102,600
F,0.09,0.103,0.095,0.256,0.165,0.519,0.159,0.437,0.16,0.11,0.107,0.107,600
G,0.099,0.102,0.11,0.256,0.152,0.508,0.156,0.44,0.157,0.099,0.093,0.103,600
H,0.082,0.11,0.09,0.088,0.085,0.088,0.082,0.084,0.083,0.086,0.087,0.085,600
,,,,,,,,,,,,,
,,,,,,,,,,,,,
,,,,,,,,,,,,,
Software Version,2.00.18,,,,,,,,,,,,
,,,,,,,,,,,,,
,,,,,,,,,,,,,
,,,,,,,,,,,,,
Plate Number,Plate 8,,,,,,,,,,,,
Date,21/10/2022,,,,,,,,,,,,
Time,17:36:34,,,,,,,,,,,,
Reader Type:,Synergy,,,,,,,,,,,,
Reader Serial Number:,232563,,,,,,,,,,,,
Reading Type,Reader,,,,,,,,,,,,
,,,,,,,,,,,,,
Procedure Details,,,,,,,,,,,,,
,,,,,,,,,,,,,
Plate Type,96 WELL PLATE,,,,,,,,,,,,
Read,Absorbance Endpoint,,,,,,,,,,,,
,Full Plate,,,,,,,,,,,,
,Wavelengths:  600,,,,,,,,,,,,
,Read Speed: Normal,,,,,,,,,,,,
,,,,,,,,,,,,,
,,,,,,,,,,,,,
,,,,,,,,,,,,,
Actual Temperature:,22.8,,,,,,,,,,,,
,,,,,,,,,,,,,
Results,,,,,,,,,,,,,
,1,2,3,4,5,6,7,8,9,10,11,12,
A,0.076,0.067,0.078,0.085,0.085,0.088,0.089,0.088,0.086,0.09,0.087,0.091,600
B,0.083,0.083,0.087,0.243,0.149,0.614,0.143,0.534,0.14,0.085,0.094,0.092,600
C,0.092,0.091,0.088,0.222,0.147,0.573,0.143,0.472,0.14,0.087,0.087,0.092,600
D,0.096,0.093,0.087,0.218,0.152,0.557,0.15,0.428,0.145,0.088,0.086,0.085,600
E,0.091,0.088,0.089,0.218,0.149,0.554,0.144,0.4,0.141,0.087,0.094,0.088,600
F,0.092,0.086,0.086,0.219,0.153,0.541,0.143,0.389,0.145,0.089,0.084,0.083,600
G,0.094,0.086,0.086,0.225,0.144,0.551,0.144,0.391,0.141,0.082,0.085,0.085,600
H,0.089,0.086,0.086,0.085,0.085,0.085,0.085,0.083,0.083,0.085,0.084,0.085,600
,,,,,,,,,,,,,
,,,,,,,,,,,,,
,,,,,,,,,,,,,
Software Version,2.00.18,,,,,,,,,,,,
,,,,,,,,,,,,,
,,,,,,,,,,,,,
,,,,,,,,,,,,,
Plate Number,Plate 9,,,,,,,,,,,,
Date,21/10/2022,,,,,,,,,,,,
Time,17:38:25,,,,,,,,,,,,
Reader Type:,Synergy,,,,,,,,,,,,
Reader Serial Number:,232563,,,,,,,,,,,,
Reading Type,Reader,,,,,,,,,,,,
,,,,,,,,,,,,,
Procedure Details,,,,,,,,,,,,,
,,,,,,,,,,,,,
Plate Type,96 WELL PLATE,,,,,,,,,,,,
Read,Absorbance Endpoint,,,,,,,,,,,,
,Full Plate,,,,,,,,,,,,
,Wavelengths:  600,,,,,,,,,,,,
,Read Speed: Normal,,,,,,,,,,,,
,,,,,,,,,,,,,
,,,,,,,,,,,,,
,,,,,,,,,,,,,
Actual Temperature:,22.8,,,,,,,,,,,,
,,,,,,,,,,,,,
Results,,,,,,,,,,,,,
,1,2,3,4,5,6,7,8,9,10,11,12,
A,0.085,0.082,0.086,0.087,0.084,0.085,0.083,0.086,0.085,0.083,0.084,0.084,600
B,0.088,0.087,0.084,0.204,0.157,0.496,0.157,0.379,0.155,0.084,0.083,0.085,600
C,0.085,0.088,0.086,0.205,0.149,0.504,0.153,0.398,0.153,0.081,0.082,0.091,600
D,0.084,0.086,0.085,0.208,0.154,0.501,0.155,0.398,0.159,0.082,0.084,0.084,600
E,0.092,0.1,0.092,0.21,0.155,0.525,0.165,0.404,0.154,0.082,0.085,0.088,600
F,0.089,0.085,0.087,0.203,0.153,0.483,0.153,0.39,0.154,0.086,0.083,0.084,600
G,0.088,0.088,0.085,0.208,0.153,0.493,0.149,0.39,0.15,0.083,0.085,0.087,600
H,0.09,0.086,0.086,0.084,0.086,0.084,0.084,0.084,0.086,0.085,0.085,0.088,600
,,,,,,,,,,,,,
,,,,,,,,,,,,,
,,,,,,,,,,,,,
Software Version,2.00.18,,,,,,,,,,,,
,,,,,,,,,,,,,
,,,,,,,,,,,,,
,,,,,,,,,,,,,
Plate Number,Plate 10,,,,,,,,,,,,
Date,21/10/2022,,,,,,,,,,,,
Time,17:40:44,,,,,,,,,,,,
Reader Type:,Synergy,,,,,,,,,,,,
Reader Serial Number:,232563,,,,,,,,,,,,
Reading Type,Reader,,,,,,,,,,,,
,,,,,,,,,,,,,
Procedure Details,,,,,,,,,,,,,
,,,,,,,,,,,,,
Plate Type,96 WELL PLATE,,,,,,,,,,,,
Read,Absorbance Endpoint,,,,,,,,,,,,
,Full Plate,,,,,,,,,,,,
,Wavelengths:  600,,,,,,,,,,,,
,Read Speed: Normal,,,,,,,,,,,,
,,,,,,,,,,,,,
,,,,,,,,,,,,,
,,,,,,,,,,,,,
Actual Temperature:,22.8,,,,,,,,,,,,
,,,,,,,,,,,,,
Results,,,,,,,,,,,,,
,1,2,3,4,5,6,7,8,9,10,11,12,
A,0.089,0.086,0.088,0.11,0.094,0.082,0.081,0.087,0.089,0.082,0.083,0.09,600
B,0.087,0.084,0.083,0.223,0.155,0.276,0.162,0.423,0.16,0.078,0.17,0.085,600
C,0.086,0.083,0.083,0.22,0.155,0.275,0.152,0.423,0.148,0.09,0.267,0.164,600
D,0.085,0.083,0.087,0.228,0.153,0.283,0.154,0.433,0.151,0.106,0.271,0.264,600
E,0.086,0.085,0.084,0.229,0.16,0.273,0.158,0.446,0.147,0.124,0.267,0.279,600
F,0.087,0.082,0.083,0.229,0.152,0.286,0.161,0.433,0.155,0.1,0.252,0.21,600
G,0.086,0.085,0.085,0.225,0.155,0.29,0.156,0.437,0.152,0.086,0.231,0.102,600
H,0.082,0.089,0.088,0.085,0.084,0.083,0.082,0.082,0.081,0.083,0.082,0.085,600
,,,,,,,,,,,,,
,,,,,,,,,,,,,
,,,,,,,,,,,,,
Software Version,2.00.18,,,,,,,,,,,,
,,,,,,,,,,,,,
,,,,,,,,,,,,,
,,,,,,,,,,,,,
Plate Number,Plate 11,,,,,,,,,,,,
Date,21/10/2022,,,,,,,,,,,,
Time,17:42:13,,,,,,,,,,,,
Reader Type:,Synergy,,,,,,,,,,,,
Reader Serial Number:,232563,,,,,,,,,,,,
Reading Type,Reader,,,,,,,,,,,,
,,,,,,,,,,,,,
Procedure Details,,,,,,,,,,,,,
,,,,,,,,,,,,,
Plate Type,96 WELL PLATE,,,,,,,,,,,,
Read,Absorbance Endpoint,,,,,,,,,,,,
,Full Plate,,,,,,,,,,,,
,Wavelengths:  600,,,,,,,,,,,,
,Read Speed: Normal,,,,,,,,,,,,
,,,,,,,,,,,,,
,,,,,,,,,,,,,
,,,,,,,,,,,,,
Actual Temperature:,22.8,,,,,,,,,,,,
,,,,,,,,,,,,,
Results,,,,,,,,,,,,,
,1,2,3,4,5,6,7,8,9,10,11,12,
A,0.087,0.083,0.088,0.086,0.085,0.086,0.084,0.085,0.084,0.083,0.085,0.081,600
B,0.086,0.085,0.083,0.216,0.165,0.256,0.154,0.303,0.151,0.08,0.075,0.082,600
C,0.087,0.086,0.085,0.214,0.165,0.251,0.15,0.326,0.159,0.079,0.08,0.09,600
D,0.084,0.083,0.085,0.224,0.167,0.258,0.155,0.32,0.153,0.084,0.082,0.083,600
E,0.089,0.088,0.088,0.224,0.17,0.246,0.158,0.325,0.164,0.083,0.085,0.09,600
F,0.091,0.088,0.086,0.226,0.16,0.246,0.157,0.301,0.165,0.084,0.083,0.086,600
G,0.086,0.092,0.094,0.23,0.161,0.263,0.154,0.309,0.166,0.084,0.087,0.083,600
H,0.084,0.083,0.084,0.087,0.083,0.087,0.087,0.088,0.084,0.086,0.081,0.08,600
,,,,,,,,,,,,,
,,,,,,,,,,,,,
,,,,,,,,,,,,,
Software Version,2.00.18,,,,,,,,,,,,
,,,,,,,,,,,,,
,,,,,,,,,,,,,
,,,,,,,,,,,,,
Plate Number,Plate 12,,,,,,,,,,,,
Date,21/10/2022,,,,,,,,,,,,
Time,17:43:45,,,,,,,,,,,,
Reader Type:,Synergy,,,,,,,,,,,,
Reader Serial Number:,232563,,,,,,,,,,,,
Reading Type,Reader,,,,,,,,,,,,
,,,,,,,,,,,,,
Procedure Details,,,,,,,,,,,,,
,,,,,,,,,,,,,
Plate Type,96 WELL PLATE,,,,,,,,,,,,
Read,Absorbance Endpoint,,,,,,,,,,,,
,Full Plate,,,,,,,,,,,,
,Wavelengths:  600,,,,,,,,,,,,
,Read Speed: Normal,,,,,,,,,,,,
,,,,,,,,,,,,,
,,,,,,,,,,,,,
,,,,,,,,,,,,,
Actual Temperature:,22.8,,,,,,,,,,,,
,,,,,,,,,,,,,
Results,,,,,,,,,,,,,
,1,2,3,4,5,6,7,8,9,10,11,12,
A,0.099,0.103,0.094,0.09,0.108,0.128,0.122,0.104,0.085,0.081,0.08,0.099,600
B,0.109,0.249,0.164,0.29,0.249,0.351,0.212,0.43,0.21,0.161,0.155,0.083,600
C,0.232,0.253,0.218,0.298,0.249,0.354,0.226,0.407,0.201,0.153,0.206,0.085,600
D,0.244,0.256,0.155,0.277,0.249,0.352,0.197,0.4,0.203,0.153,0.162,0.088,600
E,0.225,0.264,0.17,0.285,0.223,0.334,0.214,0.411,0.198,0.183,0.211,0.095,600
F,0.131,0.2,0.185,0.271,0.197,0.32,0.182,0.399,0.182,0.196,0.211,0.092,600
G,0.108,0.183,0.13,0.257,0.176,0.296,0.164,0.363,0.164,0.17,0.139,0.095,600
H,0.096,0.18,0.133,0.118,0.11,0.111,0.11,0.113,0.1,0.1,0.103,0.092,600
,,,,,,,,,,,,,
,,,,,,,,,,,,,
,,,,,,,,,,,,,
Software Version,2.00.18,,,,,,,,,,,,
,,,,,,,,,,,,,
,,,,,,,,,,,,,
,,,,,,,,,,,,,
Plate Number,Plate 13,,,,,,,,,,,,
Date,21/10/2022,,,,,,,,,,,,
Time,21:45:06,,,,,,,,,,,,
Reader Type:,Synergy,,,,,,,,,,,,
Reader Serial Number:,232563,,,,,,,,,,,,
Reading Type,Reader,,,,,,,,,,,,
,,,,,,,,,,,,,
Procedure Details,,,,,,,,,,,,,
,,,,,,,,,,,,,
Plate Type,96 WELL PLATE,,,,,,,,,,,,
Read,Absorbance Endpoint,,,,,,,,,,,,
,Full Plate,,,,,,,,,,,,
,Wavelengths:  600,,,,,,,,,,,,
,Read Speed: Normal,,,,,,,,,,,,
,,,,,,,,,,,,,
,,,,,,,,,,,,,
,,,,,,,,,,,,,
Actual Temperature:,22.6,,,,,,,,,,,,
,,,,,,,,,,,,,
Results,,,,,,,,,,,,,
,1,2,3,4,5,6,7,8,9,10,11,12,
A,0.088,0.083,0.084,0.083,0.083,0.084,0.084,0.083,0.082,0.08,0.078,0.083,600
B,0.089,0.085,0.082,0.257,0.15,0.564,0.149,0.447,0.149,0.077,0.071,0.078,600
C,0.086,0.083,0.083,0.262,0.153,0.545,0.136,0.438,0.156,0.077,0.079,0.082,600
D,0.085,0.083,0.083,0.264,0.153,0.543,0.147,0.453,0.159,0.083,0.08,0.081,600
E,0.084,0.084,0.083,0.266,0.157,0.534,0.150,0.459,0.163,0.084,0.083,0.085,600
F,0.085,0.082,0.083,0.269,0.153,0.534,0.159,0.475,0.162,0.086,0.082,0.086,600
G,0.085,0.083,0.083,0.274,0.152,0.534,0.157,0.486,0.161,0.086,0.084,0.084,600
H,0.084,0.082,0.084,0.084,0.084,0.081,0.082,0.082,0.082,0.085,0.083,0.084,600
,,,,,,,,,,,,,
,,,,,,,,,,,,,
,,,,,,,,,,,,,
Software Version,2.00.18,,,,,,,,,,,,
,,,,,,,,,,,,,
,,,,,,,,,,,,,
,,,,,,,,,,,,,
Plate Number,Plate 14,,,,,,,,,,,,
Date,21/10/2022,,,,,,,,,,,,
Time,21:47:01,,,,,,,,,,,,
Reader Type:,Synergy,,,,,,,,,,,,
Reader Serial Number:,232563,,,,,,,,,,,,
Reading Type,Reader,,,,,,,,,,,,
,,,,,,,,,,,,,
Procedure Details,,,,,,,,,,,,,
,,,,,,,,,,,,,
Plate Type,96 WELL PLATE,,,,,,,,,,,,
Read,Absorbance Endpoint,,,,,,,,,,,,
,Full Plate,,,,,,,,,,,,
,Wavelengths:  600,,,,,,,,,,,,
,Read Speed: Normal,,,,,,,,,,,,
,,,,,,,,,,,,,
,,,,,,,,,,,,,
,,,,,,,,,,,,,
Actual Temperature:,22.5,,,,,,,,,,,,
,,,,,,,,,,,,,
Results,,,,,,,,,,,,,
,1,2,3,4,5,6,7,8,9,10,11,12,
A,0.077,0.067,0.078,0.084,0.085,0.087,0.085,0.087,0.087,0.089,0.086,0.091,600
B,0.08,0.082,0.088,0.232,0.149,0.534,0.144,0.364,0.14,0.085,0.09,0.084,600
C,0.087,0.086,0.088,0.235,0.148,0.54,0.143,0.362,0.14,0.087,0.084,0.088,600
D,0.093,0.088,0.086,0.231,0.151,0.552,0.151,0.374,0.145,0.088,0.085,0.084,600
E,0.092,0.087,0.089,0.236,0.15,0.563,0.145,0.375,0.141,0.088,0.093,0.088,600
F,0.092,0.086,0.087,0.234,0.154,0.55,0.145,0.378,0.146,0.089,0.084,0.083,600
G,0.094,0.086,0.085,0.24,0.145,0.558,0.146,0.384,0.141,0.082,0.085,0.085,600
H,0.09,0.086,0.086,0.085,0.086,0.085,0.085,0.083,0.083,0.085,0.084,0.085,600
,,,,,,,,,,,,,
,,,,,,,,,,,,,
,,,,,,,,,,,,,
Software Version,2.00.18,,,,,,,,,,,,
,,,,,,,,,,,,,
,,,,,,,,,,,,,
,,,,,,,,,,,,,
Plate Number,Plate 15,,,,,,,,,,,,
Date,21/10/2022,,,,,,,,,,,,
Time,21:49:59,,,,,,,,,,,,
Reader Type:,Synergy,,,,,,,,,,,,
Reader Serial Number:,232563,,,,,,,,,,,,
Reading Type,Reader,,,,,,,,,,,,
,,,,,,,,,,,,,
Procedure Details,,,,,,,,,,,,,
,,,,,,,,,,,,,
Plate Type,96 WELL PLATE,,,,,,,,,,,,
Read,Absorbance Endpoint,,,,,,,,,,,,
,Full Plate,,,,,,,,,,,,
,Wavelengths:  600,,,,,,,,,,,,
,Read Speed: Normal,,,,,,,,,,,,
,,,,,,,,,,,,,
,,,,,,,,,,,,,
,,,,,,,,,,,,,
Actual Temperature:,22.5,,,,,,,,,,,,
,,,,,,,,,,,,,
Results,,,,,,,,,,,,,
,1,2,3,4,5,6,7,8,9,10,11,12,
A,0.086,0.082,0.086,0.088,0.085,0.085,0.083,0.086,0.086,0.083,0.084,0.084,600
B,0.088,0.087,0.085,0.209,0.159,0.513,0.164,0.383,0.156,0.085,0.084,0.085,600
C,0.085,0.087,0.087,0.212,0.154,0.517,0.158,0.4,0.156,0.081,0.083,0.093,600
D,0.085,0.086,0.085,0.213,0.158,0.515,0.162,0.403,0.161,0.082,0.084,0.084,600
E,0.094,0.101,0.093,0.215,0.157,0.541,0.171,0.408,0.159,0.082,0.086,0.088,600
F,0.092,0.084,0.087,0.208,0.156,0.497,0.158,0.393,0.157,0.086,0.083,0.085,600
G,0.088,0.087,0.084,0.212,0.153,0.508,0.152,0.394,0.154,0.084,0.085,0.088,600
H,0.09,0.086,0.086,0.084,0.087,0.089,0.086,0.084,0.086,0.085,0.085,0.088,600
,,,,,,,,,,,,,
,,,,,,,,,,,,,
,,,,,,,,,,,,,
Software Version,2.00.18,,,,,,,,,,,,
,,,,,,,,,,,,,
,,,,,,,,,,,,,
,,,,,,,,,,,,,
Plate Number,Plate 16,,,,,,,,,,,,
Date,21/10/2022,,,,,,,,,,,,
Time,21:51:51,,,,,,,,,,,,
Reader Type:,Synergy,,,,,,,,,,,,
Reader Serial Number:,232563,,,,,,,,,,,,
Reading Type,Reader,,,,,,,,,,,,
,,,,,,,,,,,,,
Procedure Details,,,,,,,,,,,,,
,,,,,,,,,,,,,
Plate Type,96 WELL PLATE,,,,,,,,,,,,
Read,Absorbance Endpoint,,,,,,,,,,,,
,Full Plate,,,,,,,,,,,,
,Wavelengths:  600,,,,,,,,,,,,
,Read Speed: Normal,,,,,,,,,,,,
,,,,,,,,,,,,,
,,,,,,,,,,,,,
,,,,,,,,,,,,,
Actual Temperature:,22.5,,,,,,,,,,,,
,,,,,,,,,,,,,
Results,,,,,,,,,,,,,
,1,2,3,4,5,6,7,8,9,10,11,12,
A,0.089,0.086,0.089,0.11,0.093,0.082,0.081,0.087,0.089,0.082,0.083,0.09,600
B,0.087,0.084,0.083,0.222,0.155,0.279,0.16,0.423,0.16,0.083,0.179,0.088,600
C,0.086,0.084,0.083,0.221,0.155,0.28,0.152,0.424,0.148,0.096,0.28,0.175,600
D,0.085,0.083,0.088,0.229,0.154,0.287,0.154,0.434,0.152,0.113,0.277,0.275,600
E,0.086,0.085,0.085,0.23,0.16,0.279,0.157,0.446,0.148,0.133,0.268,0.279,600
F,0.089,0.082,0.083,0.23,0.153,0.294,0.162,0.435,0.156,0.105,0.254,0.223,600
G,0.086,0.085,0.085,0.226,0.154,0.295,0.156,0.438,0.152,0.095,0.24,0.108,600
H,0.083,0.088,0.087,0.083,0.084,0.083,0.082,0.082,0.081,0.083,0.082,0.085,600
,,,,,,,,,,,,,
,,,,,,,,,,,,,
,,,,,,,,,,,,,
Software Version,2.00.18,,,,,,,,,,,,
,,,,,,,,,,,,,
,,,,,,,,,,,,,
,,,,,,,,,,,,,
Plate Number,Plate 17,,,,,,,,,,,,
Date,21/10/2022,,,,,,,,,,,,
Time,21:54:37,,,,,,,,,,,,
Reader Type:,Synergy,,,,,,,,,,,,
Reader Serial Number:,232563,,,,,,,,,,,,
Reading Type,Reader,,,,,,,,,,,,
,,,,,,,,,,,,,
Procedure Details,,,,,,,,,,,,,
,,,,,,,,,,,,,
Plate Type,96 WELL PLATE,,,,,,,,,,,,
Read,Absorbance Endpoint,,,,,,,,,,,,
,Full Plate,,,,,,,,,,,,
,Wavelengths:  600,,,,,,,,,,,,
,Read Speed: Normal,,,,,,,,,,,,
,,,,,,,,,,,,,
,,,,,,,,,,,,,
,,,,,,,,,,,,,
Actual Temperature:,22.5,,,,,,,,,,,,
,,,,,,,,,,,,,
Results,,,,,,,,,,,,,
,1,2,3,4,5,6,7,8,9,10,11,12,
A,0.086,0.082,0.088,0.086,0.085,0.086,0.084,0.085,0.085,0.083,0.086,0.082,600
B,0.086,0.084,0.083,0.216,0.163,0.256,0.154,0.304,0.151,0.079,0.075,0.082,600
C,0.086,0.085,0.085,0.214,0.165,0.25,0.149,0.327,0.16,0.078,0.079,0.089,600
D,0.084,0.083,0.084,0.225,0.167,0.255,0.156,0.321,0.154,0.083,0.082,0.083,600
E,0.088,0.087,0.087,0.224,0.17,0.246,0.159,0.327,0.165,0.083,0.085,0.089,600
F,0.091,0.087,0.086,0.226,0.16,0.248,0.161,0.298,0.164,0.084,0.083,0.085,600
G,0.087,0.09,0.094,0.232,0.159,0.263,0.158,0.311,0.165,0.084,0.088,0.083,600
H,0.084,0.082,0.083,0.089,0.085,0.088,0.088,0.089,0.085,0.084,0.081,0.08,600
,,,,,,,,,,,,,
,,,,,,,,,,,,,
,,,,,,,,,,,,,
Software Version,2.00.18,,,,,,,,,,,,
,,,,,,,,,,,,,
,,,,,,,,,,,,,
,,,,,,,,,,,,,
Plate Number,Plate 18,,,,,,,,,,,,
Date,21/10/2022,,,,,,,,,,,,
Time,21:56:32,,,,,,,,,,,,
Reader Type:,Synergy,,,,,,,,,,,,
Reader Serial Number:,232563,,,,,,,,,,,,
Reading Type,Reader,,,,,,,,,,,,
,,,,,,,,,,,,,
Procedure Details,,,,,,,,,,,,,
,,,,,,,,,,,,,
Plate Type,96 WELL PLATE,,,,,,,,,,,,
Read,Absorbance Endpoint,,,,,,,,,,,,
,Full Plate,,,,,,,,,,,,
,Wavelengths:  600,,,,,,,,,,,,
,Read Speed: Normal,,,,,,,,,,,,
,,,,,,,,,,,,,
,,,,,,,,,,,,,
,,,,,,,,,,,,,
Actual Temperature:,22.6,,,,,,,,,,,,
,,,,,,,,,,,,,
Results,,,,,,,,,,,,,
,1,2,3,4,5,6,7,8,9,10,11,12,
A,0.102,0.109,0.096,0.097,0.137,0.165,0.161,0.127,0.09,0.083,0.082,0.103,600
B,0.137,0.283,0.199,0.316,0.284,0.382,0.237,0.458,0.23,0.197,0.209,0.085,600
C,0.265,0.286,0.256,0.326,0.279,0.385,0.252,0.434,0.227,0.183,0.243,0.087,600
D,0.281,0.287,0.19,0.302,0.282,0.379,0.212,0.419,0.224,0.19,0.196,0.09,600
E,0.261,0.298,0.208,0.31,0.257,0.365,0.25,0.435,0.217,0.226,0.249,0.095,600
F,0.172,0.233,0.225,0.295,0.221,0.344,0.201,0.422,0.198,0.232,0.251,0.094,600
G,0.125,0.232,0.155,0.267,0.194,0.307,0.177,0.357,0.175,0.212,0.175,0.097,600
H,0.099,0.218,0.167,0.141,0.129,0.127,0.129,0.133,0.112,0.102,0.099,0.094,600
,,,,,,,,,,,,,
,,,,,,,,,,,,,
,,,,,,,,,,,,,
Software Version,2.00.18,,,,,,,,,,,,
,,,,,,,,,,,,,
,,,,,,,,,,,,,
,,,,,,,,,,,,,
Plate Number,Plate 19,,,,,,,,,,,,
Date,22/10/2022,,,,,,,,,,,,
Time,10:29:59,,,,,,,,,,,,
Reader Type:,Synergy,,,,,,,,,,,,
Reader Serial Number:,232563,,,,,,,,,,,,
Reading Type,Reader,,,,,,,,,,,,
,,,,,,,,,,,,,
Procedure Details,,,,,,,,,,,,,
,,,,,,,,,,,,,
Plate Type,96 WELL PLATE,,,,,,,,,,,,
Read,Absorbance Endpoint,,,,,,,,,,,,
,Full Plate,,,,,,,,,,,,
,Wavelengths:  600,,,,,,,,,,,,
,Read Speed: Normal,,,,,,,,,,,,
,,,,,,,,,,,,,
,,,,,,,,,,,,,
,,,,,,,,,,,,,
Actual Temperature:,21.6,,,,,,,,,,,,
,,,,,,,,,,,,,
Results,,,,,,,,,,,,,
,1,2,3,4,5,6,7,8,9,10,11,12,
A,0.088,0.083,0.084,0.083,0.084,0.084,0.084,0.082,0.082,0.086,0.078,0.083,600
B,0.099,0.085,0.083,0.237,0.147,0.562,0.144,0.413,0.144,0.076,0.07,0.078,600
C,0.089,0.084,0.083,0.241,0.151,0.55,0.135,0.417,0.149,0.077,0.075,0.082,600
D,0.087,0.083,0.083,0.241,0.151,0.548,0.147,0.415,0.157,0.083,0.081,0.081,600
E,0.086,0.084,0.084,0.24,0.156,0.542,0.147,0.423,0.16,0.085,0.083,0.085,600
F,0.084,0.082,0.083,0.242,0.151,0.537,0.156,0.428,0.16,0.088,0.083,0.086,600
G,0.087,0.083,0.084,0.239,0.15,0.524,0.154,0.437,0.157,0.085,0.084,0.084,600
H,0.083,0.082,0.084,0.084,0.084,0.082,0.082,0.082,0.082,0.085,0.083,0.085,600
,,,,,,,,,,,,,
,,,,,,,,,,,,,
,,,,,,,,,,,,,
Software Version,2.00.18,,,,,,,,,,,,
,,,,,,,,,,,,,
,,,,,,,,,,,,,
,,,,,,,,,,,,,
Plate Number,Plate 20,,,,,,,,,,,,
Date,22/10/2022,,,,,,,,,,,,
Time,10:32:58,,,,,,,,,,,,
Reader Type:,Synergy,,,,,,,,,,,,
Reader Serial Number:,232563,,,,,,,,,,,,
Reading Type,Reader,,,,,,,,,,,,
,,,,,,,,,,,,,
Procedure Details,,,,,,,,,,,,,
,,,,,,,,,,,,,
Plate Type,96 WELL PLATE,,,,,,,,,,,,
Read,Absorbance Endpoint,,,,,,,,,,,,
,Full Plate,,,,,,,,,,,,
,Wavelengths:  600,,,,,,,,,,,,
,Read Speed: Normal,,,,,,,,,,,,
,,,,,,,,,,,,,
,,,,,,,,,,,,,
,,,,,,,,,,,,,
Actual Temperature:,21.5,,,,,,,,,,,,
,,,,,,,,,,,,,
Results,,,,,,,,,,,,,
,1,2,3,4,5,6,7,8,9,10,11,12,
A,0.077,0.068,0.077,0.084,0.084,0.086,0.084,0.087,0.085,0.089,0.087,0.091,600
B,0.08,0.078,0.086,0.207,0.137,0.558,0.137,0.368,0.138,0.084,0.089,0.084,600
C,0.088,0.086,0.092,0.219,0.139,0.572,0.142,0.372,0.139,0.086,0.084,0.088,600
D,0.089,0.087,0.086,0.205,0.14,0.563,0.147,0.387,0.141,0.087,0.085,0.084,600
E,0.094,0.087,0.089,0.222,0.142,0.607,0.144,0.388,0.139,0.087,0.093,0.088,600
F,0.094,0.086,0.087,0.232,0.15,0.595,0.142,0.394,0.139,0.089,0.084,0.084,600
G,0.091,0.087,0.086,0.241,0.138,0.589,0.142,0.401,0.137,0.082,0.085,0.085,600
H,0.089,0.087,0.086,0.086,0.086,0.085,0.085,0.084,0.084,0.085,0.085,0.086,600
,,,,,,,,,,,,,
,,,,,,,,,,,,,
,,,,,,,,,,,,,
Software Version,2.00.18,,,,,,,,,,,,
,,,,,,,,,,,,,
,,,,,,,,,,,,,
,,,,,,,,,,,,,
Plate Number,Plate 21,,,,,,,,,,,,
Date,22/10/2022,,,,,,,,,,,,
Time,10:34:55,,,,,,,,,,,,
Reader Type:,Synergy,,,,,,,,,,,,
Reader Serial Number:,232563,,,,,,,,,,,,
Reading Type,Reader,,,,,,,,,,,,
,,,,,,,,,,,,,
Procedure Details,,,,,,,,,,,,,
,,,,,,,,,,,,,
Plate Type,96 WELL PLATE,,,,,,,,,,,,
Read,Absorbance Endpoint,,,,,,,,,,,,
,Full Plate,,,,,,,,,,,,
,Wavelengths:  600,,,,,,,,,,,,
,Read Speed: Normal,,,,,,,,,,,,
,,,,,,,,,,,,,
,,,,,,,,,,,,,
,,,,,,,,,,,,,
Actual Temperature:,21.5,,,,,,,,,,,,
,,,,,,,,,,,,,
Results,,,,,,,,,,,,,
,1,2,3,4,5,6,7,8,9,10,11,12,
A,0.09,0.085,0.089,0.091,0.088,0.087,0.085,0.095,0.088,0.083,0.086,0.082,600
B,0.092,0.089,0.087,0.209,0.153,0.501,0.162,0.369,0.162,0.087,0.085,0.087,600
C,0.088,0.088,0.089,0.219,0.152,0.501,0.166,0.385,0.143,0.082,0.084,0.093,600
D,0.087,0.089,0.088,0.217,0.157,0.499,0.164,0.392,0.159,0.083,0.084,0.085,600
E,0.097,0.101,0.099,0.22,0.161,0.524,0.181,0.402,0.149,0.083,0.087,0.087,600
F,0.094,0.087,0.088,0.208,0.148,0.486,0.161,0.391,0.163,0.088,0.084,0.087,600
G,0.09,0.089,0.086,0.216,0.15,0.497,0.162,0.394,0.166,0.084,0.086,0.088,600
H,0.092,0.089,0.088,0.087,0.088,0.091,0.085,0.085,0.087,0.087,0.086,0.089,600
,,,,,,,,,,,,,
,,,,,,,,,,,,,
,,,,,,,,,,,,,
Software Version,2.00.18,,,,,,,,,,,,
,,,,,,,,,,,,,
,,,,,,,,,,,,,
,,,,,,,,,,,,,
Plate Number,Plate 22,,,,,,,,,,,,
Date,22/10/2022,,,,,,,,,,,,
Time,10:37:05,,,,,,,,,,,,
Reader Type:,Synergy,,,,,,,,,,,,
Reader Serial Number:,232563,,,,,,,,,,,,
Reading Type,Reader,,,,,,,,,,,,
,,,,,,,,,,,,,
Procedure Details,,,,,,,,,,,,,
,,,,,,,,,,,,,
Plate Type,96 WELL PLATE,,,,,,,,,,,,
Read,Absorbance Endpoint,,,,,,,,,,,,
,Full Plate,,,,,,,,,,,,
,Wavelengths:  600,,,,,,,,,,,,
,Read Speed: Normal,,,,,,,,,,,,
,,,,,,,,,,,,,
,,,,,,,,,,,,,
,,,,,,,,,,,,,
Actual Temperature:,21.5,,,,,,,,,,,,
,,,,,,,,,,,,,
Results,,,,,,,,,,,,,
,1,2,3,4,5,6,7,8,9,10,11,12,
A,0.09,0.087,0.089,0.103,0.093,0.083,0.082,0.087,0.089,0.083,0.084,0.09,600
B,0.087,0.084,0.083,0.219,0.154,0.28,0.155,0.424,0.16,0.079,0.192,0.085,600
C,0.086,0.084,0.084,0.218,0.154,0.282,0.154,0.423,0.15,0.094,0.279,0.189,600
D,0.085,0.084,0.088,0.225,0.153,0.288,0.154,0.433,0.152,0.115,0.297,0.284,600
E,0.086,0.086,0.085,0.224,0.159,0.281,0.158,0.443,0.15,0.139,0.278,0.282,600
F,0.089,0.083,0.084,0.226,0.152,0.296,0.161,0.435,0.156,0.109,0.271,0.237,600
G,0.087,0.085,0.084,0.221,0.155,0.296,0.156,0.438,0.152,0.09,0.254,0.098,600
H,0.084,0.09,0.088,0.085,0.085,0.083,0.083,0.083,0.082,0.083,0.083,0.083,600
,,,,,,,,,,,,,
,,,,,,,,,,,,,
,,,,,,,,,,,,,
Software Version,2.00.18,,,,,,,,,,,,
,,,,,,,,,,,,,
,,,,,,,,,,,,,
,,,,,,,,,,,,,
Plate Number,Plate 23,,,,,,,,,,,,
Date,22/10/2022,,,,,,,,,,,,
Time,10:40:18,,,,,,,,,,,,
Reader Type:,Synergy,,,,,,,,,,,,
Reader Serial Number:,232563,,,,,,,,,,,,
Reading Type,Reader,,,,,,,,,,,,
,,,,,,,,,,,,,
Procedure Details,,,,,,,,,,,,,
,,,,,,,,,,,,,
Plate Type,96 WELL PLATE,,,,,,,,,,,,
Read,Absorbance Endpoint,,,,,,,,,,,,
,Full Plate,,,,,,,,,,,,
,Wavelengths:  600,,,,,,,,,,,,
,Read Speed: Normal,,,,,,,,,,,,
,,,,,,,,,,,,,
,,,,,,,,,,,,,
,,,,,,,,,,,,,
Actual Temperature:,21.6,,,,,,,,,,,,
,,,,,,,,,,,,,
Results,,,,,,,,,,,,,
,1,2,3,4,5,6,7,8,9,10,11,12,
A,0.086,0.083,0.088,0.087,0.086,0.087,0.085,0.086,0.085,0.084,0.088,0.082,600
B,0.086,0.085,0.084,0.214,0.157,0.25,0.154,0.303,0.15,0.08,0.075,0.083,600
C,0.086,0.086,0.085,0.212,0.16,0.245,0.15,0.323,0.157,0.079,0.08,0.09,600
D,0.085,0.083,0.085,0.22,0.164,0.25,0.154,0.322,0.153,0.084,0.083,0.084,600
E,0.087,0.089,0.087,0.222,0.169,0.239,0.158,0.326,0.163,0.084,0.086,0.087,600
F,0.09,0.09,0.088,0.221,0.153,0.242,0.157,0.3,0.165,0.085,0.084,0.085,600
G,0.088,0.087,0.096,0.231,0.157,0.257,0.154,0.311,0.165,0.085,0.089,0.083,600
H,0.081,0.083,0.085,0.087,0.089,0.091,0.09,0.09,0.085,0.084,0.08,0.081,600
,,,,,,,,,,,,,
,,,,,,,,,,,,,
,,,,,,,,,,,,,
Software Version,2.00.18,,,,,,,,,,,,
,,,,,,,,,,,,,
,,,,,,,,,,,,,
,,,,,,,,,,,,,
Plate Number,Plate 24,,,,,,,,,,,,
Date,22/10/2022,,,,,,,,,,,,
Time,10:42:09,,,,,,,,,,,,
Reader Type:,Synergy,,,,,,,,,,,,
Reader Serial Number:,232563,,,,,,,,,,,,
Reading Type,Reader,,,,,,,,,,,,
,,,,,,,,,,,,,
Procedure Details,,,,,,,,,,,,,
,,,,,,,,,,,,,
Plate Type,96 WELL PLATE,,,,,,,,,,,,
Read,Absorbance Endpoint,,,,,,,,,,,,
,Full Plate,,,,,,,,,,,,
,Wavelengths:  600,,,,,,,,,,,,
,Read Speed: Normal,,,,,,,,,,,,
,,,,,,,,,,,,,
,,,,,,,,,,,,,
,,,,,,,,,,,,,
Actual Temperature:,21.6,,,,,,,,,,,,
,,,,,,,,,,,,,
Results,,,,,,,,,,,,,
,1,2,3,4,5,6,7,8,9,10,11,12,
A,0.097,0.1,0.093,0.092,0.111,0.13,0.134,0.104,0.086,0.082,0.08,0.097,600
B,0.127,0.298,0.267,0.354,0.32,0.427,0.281,0.5,0.286,0.248,0.256,0.084,600
C,0.303,0.316,0.278,0.374,0.327,0.436,0.3,0.471,0.289,0.237,0.272,0.085,600
D,0.3,0.315,0.239,0.347,0.338,0.434,0.258,0.456,0.282,0.249,0.258,0.089,600
E,0.28,0.321,0.249,0.339,0.292,0.395,0.282,0.462,0.263,0.261,0.284,0.094,600
F,0.2,0.256,0.265,0.317,0.246,0.366,0.219,0.417,0.233,0.274,0.295,0.091,600
G,0.117,0.264,0.179,0.274,0.2,0.322,0.183,0.329,0.179,0.244,0.212,0.094,600
H,0.098,0.25,0.185,0.157,0.143,0.137,0.131,0.134,0.111,0.097,0.097,0.09,600
,,,,,,,,,,,,,
,,,,,,,,,,,,,
,,,,,,,,,,,,,
Software Version,2.00.18,,,,,,,,,,,,
,,,,,,,,,,,,,
,,,,,,,,,,,,,
,,,,,,,,,,,,,
Plate Number,Plate 25,,,,,,,,,,,,
Date,22/10/2022,,,,,,,,,,,,
Time,21:52:11,,,,,,,,,,,,
Reader Type:,Synergy,,,,,,,,,,,,
Reader Serial Number:,232563,,,,,,,,,,,,
Reading Type,Reader,,,,,,,,,,,,
,,,,,,,,,,,,,
Procedure Details,,,,,,,,,,,,,
,,,,,,,,,,,,,
Plate Type,96 WELL PLATE,,,,,,,,,,,,
Read,Absorbance Endpoint,,,,,,,,,,,,
,Full Plate,,,,,,,,,,,,
,Wavelengths:  600,,,,,,,,,,,,
,Read Speed: Normal,,,,,,,,,,,,
,,,,,,,,,,,,,
,,,,,,,,,,,,,
,,,,,,,,,,,,,
Actual Temperature:,24.3,,,,,,,,,,,,
,,,,,,,,,,,,,
Results,,,,,,,,,,,,,
,1,2,3,4,5,6,7,8,9,10,11,12,
A,0.094,0.091,0.088,0.09,0.088,0.09,0.092,0.092,0.092,0.09,0.087,0.096,600
B,0.092,0.085,0.086,0.246,0.152,0.585,0.148,0.43,0.153,0.081,0.078,0.082,600
C,0.087,0.084,0.088,0.247,0.153,0.575,0.142,0.432,0.156,0.086,0.083,0.087,600
D,0.086,0.084,0.09,0.248,0.156,0.573,0.155,0.435,0.163,0.088,0.085,0.081,600
E,0.085,0.084,0.089,0.243,0.157,0.56,0.151,0.439,0.166,0.089,0.083,0.085,600
F,0.084,0.082,0.084,0.246,0.151,0.556,0.156,0.441,0.159,0.087,0.082,0.086,600
G,0.086,0.082,0.084,0.244,0.15,0.544,0.153,0.45,0.157,0.086,0.084,0.084,600
H,0.083,0.082,0.085,0.085,0.084,0.082,0.082,0.082,0.082,0.085,0.083,0.085,600
,,,,,,,,,,,,,
,,,,,,,,,,,,,
,,,,,,,,,,,,,
Software Version,2.00.18,,,,,,,,,,,,
,,,,,,,,,,,,,
,,,,,,,,,,,,,
,,,,,,,,,,,,,
Plate Number,Plate 26,,,,,,,,,,,,
Date,22/10/2022,,,,,,,,,,,,
Time,21:54:56,,,,,,,,,,,,
Reader Type:,Synergy,,,,,,,,,,,,
Reader Serial Number:,232563,,,,,,,,,,,,
Reading Type,Reader,,,,,,,,,,,,
,,,,,,,,,,,,,
Procedure Details,,,,,,,,,,,,,
,,,,,,,,,,,,,
Plate Type,96 WELL PLATE,,,,,,,,,,,,
Read,Absorbance Endpoint,,,,,,,,,,,,
,Full Plate,,,,,,,,,,,,
,Wavelengths:  600,,,,,,,,,,,,
,Read Speed: Normal,,,,,,,,,,,,
,,,,,,,,,,,,,
,,,,,,,,,,,,,
,,,,,,,,,,,,,
Actual Temperature:,24.2,,,,,,,,,,,,
,,,,,,,,,,,,,
Results,,,,,,,,,,,,,
,1,2,3,4,5,6,7,8,9,10,11,12,
A,0.076,0.069,0.077,0.084,0.085,0.086,0.084,0.087,0.085,0.089,0.087,0.089,600
B,0.079,0.078,0.084,0.239,0.14,0.559,0.139,0.382,0.137,0.085,0.089,0.084,600
C,0.088,0.085,0.092,0.252,0.141,0.566,0.143,0.383,0.138,0.087,0.084,0.088,600
D,0.09,0.088,0.087,0.235,0.142,0.557,0.144,0.397,0.141,0.088,0.086,0.085,600
E,0.096,0.088,0.089,0.24,0.143,0.617,0.143,0.402,0.14,0.087,0.093,0.087,600
F,0.094,0.087,0.088,0.248,0.153,0.604,0.142,0.411,0.14,0.089,0.084,0.084,600
G,0.091,0.088,0.087,0.25,0.139,0.579,0.142,0.425,0.138,0.082,0.085,0.085,600
H,0.09,0.088,0.088,0.087,0.086,0.085,0.086,0.084,0.084,0.086,0.085,0.087,600
,,,,,,,,,,,,,
,,,,,,,,,,,,,
,,,,,,,,,,,,,
Software Version,2.00.18,,,,,,,,,,,,
,,,,,,,,,,,,,
,,,,,,,,,,,,,
,,,,,,,,,,,,,
Plate Number,Plate 27,,,,,,,,,,,,
Date,22/10/2022,,,,,,,,,,,,
Time,21:56:53,,,,,,,,,,,,
Reader Type:,Synergy,,,,,,,,,,,,
Reader Serial Number:,232563,,,,,,,,,,,,
Reading Type,Reader,,,,,,,,,,,,
,,,,,,,,,,,,,
Procedure Details,,,,,,,,,,,,,
,,,,,,,,,,,,,
Plate Type,96 WELL PLATE,,,,,,,,,,,,
Read,Absorbance Endpoint,,,,,,,,,,,,
,Full Plate,,,,,,,,,,,,
,Wavelengths:  600,,,,,,,,,,,,
,Read Speed: Normal,,,,,,,,,,,,
,,,,,,,,,,,,,
,,,,,,,,,,,,,
,,,,,,,,,,,,,
Actual Temperature:,24.2,,,,,,,,,,,,
,,,,,,,,,,,,,
Results,,,,,,,,,,,,,
,1,2,3,4,5,6,7,8,9,10,11,12,
A,0.088,0.081,0.086,0.087,0.085,0.085,0.083,0.086,0.085,0.086,0.087,0.083,600
B,0.088,0.086,0.085,0.208,0.155,0.537,0.154,0.396,0.154,0.085,0.084,0.086,600
C,0.085,0.088,0.086,0.212,0.148,0.542,0.152,0.412,0.154,0.081,0.083,0.092,600
D,0.084,0.086,0.085,0.214,0.155,0.528,0.154,0.418,0.16,0.082,0.084,0.085,600
E,0.093,0.097,0.092,0.216,0.156,0.565,0.165,0.421,0.155,0.083,0.086,0.088,600
F,0.092,0.085,0.086,0.21,0.151,0.522,0.152,0.407,0.154,0.086,0.083,0.085,600
G,0.088,0.088,0.084,0.213,0.151,0.536,0.149,0.409,0.153,0.084,0.085,0.089,600
H,0.09,0.087,0.086,0.085,0.092,0.085,0.084,0.084,0.087,0.086,0.086,0.084,600
,,,,,,,,,,,,,
,,,,,,,,,,,,,
,,,,,,,,,,,,,
Software Version,2.00.18,,,,,,,,,,,,
,,,,,,,,,,,,,
,,,,,,,,,,,,,
,,,,,,,,,,,,,
Plate Number,Plate 28,,,,,,,,,,,,
Date,22/10/2022,,,,,,,,,,,,
Time,21:58:23,,,,,,,,,,,,
Reader Type:,Synergy,,,,,,,,,,,,
Reader Serial Number:,232563,,,,,,,,,,,,
Reading Type,Reader,,,,,,,,,,,,
,,,,,,,,,,,,,
Procedure Details,,,,,,,,,,,,,
,,,,,,,,,,,,,
Plate Type,96 WELL PLATE,,,,,,,,,,,,
Read,Absorbance Endpoint,,,,,,,,,,,,
,Full Plate,,,,,,,,,,,,
,Wavelengths:  600,,,,,,,,,,,,
,Read Speed: Normal,,,,,,,,,,,,
,,,,,,,,,,,,,
,,,,,,,,,,,,,
,,,,,,,,,,,,,
Actual Temperature:,24.2,,,,,,,,,,,,
,,,,,,,,,,,,,
Results,,,,,,,,,,,,,
,1,2,3,4,5,6,7,8,9,10,11,12,
A,0.091,0.088,0.088,0.105,0.093,0.083,0.082,0.086,0.089,0.083,0.083,0.089,600
B,0.087,0.085,0.083,0.219,0.154,0.282,0.159,0.43,0.16,0.079,0.213,0.086,600
C,0.087,0.084,0.084,0.217,0.155,0.283,0.154,0.432,0.15,0.105,0.288,0.175,600
D,0.085,0.084,0.088,0.225,0.154,0.29,0.154,0.442,0.152,0.127,0.302,0.292,600
E,0.087,0.084,0.085,0.224,0.16,0.282,0.158,0.452,0.15,0.155,0.273,0.298,600
F,0.089,0.082,0.084,0.225,0.152,0.297,0.162,0.444,0.156,0.119,0.28,0.243,600
G,0.086,0.086,0.085,0.22,0.156,0.298,0.157,0.448,0.152,0.095,0.265,0.095,600
H,0.085,0.09,0.088,0.085,0.086,0.083,0.083,0.082,0.082,0.083,0.083,0.084,600
,,,,,,,,,,,,,
,,,,,,,,,,,,,
,,,,,,,,,,,,,
Software Version,2.00.18,,,,,,,,,,,,
,,,,,,,,,,,,,
,,,,,,,,,,,,,
,,,,,,,,,,,,,
Plate Number,Plate 29,,,,,,,,,,,,
Date,22/10/2022,,,,,,,,,,,,
Time,21:59:38,,,,,,,,,,,,
Reader Type:,Synergy,,,,,,,,,,,,
Reader Serial Number:,232563,,,,,,,,,,,,
Reading Type,Reader,,,,,,,,,,,,
,,,,,,,,,,,,,
Procedure Details,,,,,,,,,,,,,
,,,,,,,,,,,,,
Plate Type,96 WELL PLATE,,,,,,,,,,,,
Read,Absorbance Endpoint,,,,,,,,,,,,
,Full Plate,,,,,,,,,,,,
,Wavelengths:  600,,,,,,,,,,,,
,Read Speed: Normal,,,,,,,,,,,,
,,,,,,,,,,,,,
,,,,,,,,,,,,,
,,,,,,,,,,,,,
Actual Temperature:,24.2,,,,,,,,,,,,
,,,,,,,,,,,,,
Results,,,,,,,,,,,,,
,1,2,3,4,5,6,7,8,9,10,11,12,
A,0.086,0.083,0.087,0.088,0.087,0.088,0.086,0.087,0.086,0.084,0.085,0.084,600
B,0.086,0.085,0.083,0.216,0.164,0.246,0.155,0.307,0.154,0.081,0.076,0.084,600
C,0.087,0.085,0.084,0.214,0.166,0.241,0.152,0.323,0.161,0.079,0.081,0.089,600
D,0.083,0.083,0.084,0.224,0.167,0.249,0.157,0.325,0.155,0.084,0.083,0.083,600
E,0.086,0.087,0.087,0.224,0.171,0.239,0.159,0.331,0.166,0.084,0.086,0.087,600
F,0.087,0.088,0.086,0.225,0.159,0.241,0.163,0.306,0.166,0.085,0.084,0.085,600
G,0.085,0.087,0.089,0.23,0.164,0.254,0.157,0.318,0.167,0.085,0.089,0.083,600
H,0.078,0.083,0.079,0.08,0.089,0.091,0.09,0.091,0.086,0.085,0.08,0.08,600
,,,,,,,,,,,,,
,,,,,,,,,,,,,
,,,,,,,,,,,,,
Software Version,2.00.18,,,,,,,,,,,,
,,,,,,,,,,,,,
,,,,,,,,,,,,,
,,,,,,,,,,,,,
Plate Number,Plate 30,,,,,,,,,,,,
Date,22/10/2022,,,,,,,,,,,,
Time,22:00:40,,,,,,,,,,,,
Reader Type:,Synergy,,,,,,,,,,,,
Reader Serial Number:,232563,,,,,,,,,,,,
Reading Type,Reader,,,,,,,,,,,,
,,,,,,,,,,,,,
Procedure Details,,,,,,,,,,,,,
,,,,,,,,,,,,,
Plate Type,96 WELL PLATE,,,,,,,,,,,,
Read,Absorbance Endpoint,,,,,,,,,,,,
,Full Plate,,,,,,,,,,,,
,Wavelengths:  600,,,,,,,,,,,,
,Read Speed: Normal,,,,,,,,,,,,
,,,,,,,,,,,,,
,,,,,,,,,,,,,
,,,,,,,,,,,,,
Actual Temperature:,24.2,,,,,,,,,,,,
,,,,,,,,,,,,,
Results,,,,,,,,,,,,,
,1,2,3,4,5,6,7,8,9,10,11,12,
A,0.095,0.105,0.094,0.105,0.184,0.222,0.218,0.161,0.097,0.083,0.08,0.101,600
B,0.183,0.307,0.284,0.387,0.35,0.444,0.324,0.526,0.325,0.289,0.282,0.084,600
C,0.288,0.313,0.289,0.395,0.354,0.447,0.32,0.495,0.302,0.273,0.3,0.086,600
D,0.296,0.305,0.264,0.366,0.357,0.456,0.286,0.467,0.286,0.269,0.279,0.089,600
E,0.264,0.318,0.28,0.358,0.321,0.427,0.331,0.5,0.272,0.256,0.29,0.094,600
F,0.21,0.21,0.297,0.357,0.296,0.423,0.271,0.433,0.262,0.298,0.295,0.092,600
G,0.136,0.286,0.223,0.3,0.241,0.343,0.211,0.326,0.202,0.281,0.267,0.093,600
H,0.092,0.288,0.232,0.184,0.169,0.167,0.166,0.154,0.124,0.094,0.094,0.092,600
